,id,field_name,predicted_value,expected_value,evaluation_method,metric_value
0,989,university__Sigla,,UMI 7,not specified yet,0.0
1,989,university__Comune,Pisa,Pisa (Pisa),not specified yet,1.0
2,989,university__Ubicazione,Campaldo,"Zona Campaldo, tra via Pietrasantina e la linea ferroviaria Pisa-Genova, Area 100",not specified yet,0.0
3,989,university__Indirizzo,Via Pietrasantina,VIA LIVENZA N.,not specified yet,0.0
4,989,university__Località,"Area between Via Pietrasantina and the Pisa-Genoa railway line, where foundation works for residential complexes were carried out. The area also includes references to a shooting range (""Tiro a Segno"") and a OPA warehouse.",CAMPALDO,not specified yet,0.0
5,989,university__Data_intervento,2014,"giugno-settembre, 2014",not specified yet,1.0
6,989,university__Tipo_di_intervento,Assistenza,Assistenza,not specified yet,1.0
7,989,university__Durata,,80,not specified yet,0.0
8,989,university__Eseguito_da,,A. Alberti,not specified yet,0.0
9,989,university__Direzione_scientifica,A. Alberti,C. Rizzitelli,not specified yet,0.0
10,989,university__Estensione,"UMI 7, UMI 8, UMI 9, UMI 10",0,not specified yet,0.0
11,989,university__Numero_di_saggi,0,1,not specified yet,0.0
12,989,university__Profondità_massima,,-1.3,not specified yet,0.0
13,989,university__Geologico,True,False,not specified yet,0.0
14,989,university__OGD,insediamento,sito pluristratificato,not specified yet,0.0
15,989,university__OGM,documentazione di indagini archeologiche pregresse,dati di archivio,not specified yet,0.0
16,989,university__Profondità_falda,,0.0,not specified yet,0.0
17,989,building__Istituzione,Dott. Antonio Alberti Archeologo,SABAP - PILI,not specified yet,0.0
18,989,building__Funzionario_competente,A. Alberti,C. Rizzitelli,not specified yet,0.0
19,989,building__Tipo_di_documento,Relazione di missione,Relazione di scavo,not specified yet,0.0
20,989,building__Protocollo,N/A,34.19.04/37 n.10507,not specified yet,0.0
21,989,building__Data_Protocollo,N/A,02-07-2015,not specified yet,0.0
22,1221,university__Sigla,,P19,not specified yet,0.0
23,1221,university__Comune,Pisa,Pisa (Pisa),not specified yet,1.0
24,1221,university__Ubicazione,Nuovo ospedale di Cisanello,Cisanello,not specified yet,0.0
25,1221,university__Indirizzo,,,not specified yet,1.0
26,1221,university__Località,"Area where the new hospital of Cisanello will be built. The area was previously agricultural land (""arativo"").",CISANELLO,not specified yet,0.0
27,1221,university__Data_intervento,2011-10,"18 gennaio, 2012",not specified yet,0.0
28,1221,university__Tipo_di_intervento,Assistenza,Assistenza,not specified yet,1.0
29,1221,university__Durata,,1 giorno,not specified yet,0.0
30,1221,university__Eseguito_da,Giano s.n.c.,GIANO s.n.c.,not specified yet,1.0
31,1221,university__Direzione_scientifica,,A. Camilli,not specified yet,0.0
32,1221,university__Estensione,,3,not specified yet,0.0
33,1221,university__Numero_di_saggi,30,30,not specified yet,1.0
34,1221,university__Profondità_massima,-4.3,-4.1,not specified yet,0.0
35,1221,university__Geologico,True,True,not specified yet,1.0
36,1221,university__OGD,area priva di tracce archeologiche,area priva di tracce archeologiche,not specified yet,1.0
37,1221,university__OGM,documentazione di indagini archeologiche pregresse,dati di archivio,not specified yet,0.0
38,1221,university__Profondità_falda,,0.0,not specified yet,0.0
39,1221,building__Istituzione,Giano s.n.c.,SABAP - PILI,not specified yet,0.0
40,1221,building__Funzionario_competente,,A. Camilli,not specified yet,0.0
41,1221,building__Tipo_di_documento,Relazione indagine,Relazione di scavo,not specified yet,0.0
42,1221,building__Protocollo,N/A,34.19.04/37 n.14833,not specified yet,0.0
43,1221,building__Data_Protocollo,N/A,19-09-2012,not specified yet,0.0
44,30712,university__Sigla,,,not specified yet,1.0
45,30712,university__Comune,Carmignano,Carmignano (Prato),not specified yet,0.0
46,30712,university__Ubicazione,Via del Palazzone,Via del Palazzone - Artimino,not specified yet,1.0
47,30712,university__Indirizzo,"p.zza Matteotti, 1 59015 Carmignano",VIA PALAZZONE N.,not specified yet,0.0
48,30712,university__Località,"Area along Via del Palazzone, with evidence of Etruscan remains and a drainage system.",ARTIMINO,not specified yet,0.0
49,30712,university__Data_intervento,2015-05-27,"15 luglio - 15 ottobre, 2015",not specified yet,0.0
50,30712,university__Tipo_di_intervento,Assistenza,Assistenza,not specified yet,1.0
51,30712,university__Durata,,92,not specified yet,0.0
52,30712,university__Eseguito_da,Soprintendenza Archeologia Toscana,M. C. Bettini,not specified yet,0.0
53,30712,university__Direzione_scientifica,P. Perazzi,G. Poggesi,not specified yet,0.0
54,30712,university__Estensione,,140,not specified yet,0.0
55,30712,university__Numero_di_saggi,1,1,not specified yet,1.0
56,30712,university__Profondità_massima,-0.3,,not specified yet,0.0
57,30712,university__Geologico,True,True,not specified yet,1.0
58,30712,university__OGD,infrastruttura viaria,sito pluristratificato,not specified yet,0.0
59,30712,university__OGM,dati di archivio,dati di archivio,not specified yet,1.0
60,30712,university__Profondità_falda,,,not specified yet,0.0
61,30712,building__Istituzione,SOPRINTENDENZA ARCHEOLOGIA TOSCANA,Firenze - SBAT,not specified yet,0.0
62,30712,building__Funzionario_competente,P. PerazziA. Pessina,G. Poggesi,not specified yet,0.0
63,30712,building__Tipo_di_documento,Relazione di missione,Relazione di missione,not specified yet,1.0
64,30712,building__Protocollo,0008485,34.19.04/257 n.8485,not specified yet,0.0
65,30712,building__Data_Protocollo,27/05/2015,27-05-2015,not specified yet,1.0
66,30897,university__Sigla,,,not specified yet,1.0
67,30897,university__Comune,Calcinaia,Calcinaia (Pisa),not specified yet,0.0
68,30897,university__Ubicazione,Centro storico di Calcinaia,"Settore 100, Via della Compagnia - Calcinaia (PI)",not specified yet,0.0
69,30897,university__Indirizzo,"Via della Compagnia, via della Mura, via Sdrucciolo delle mura, via Rotta, via Nuova",VIA DELLA COMPAGNIA N.,not specified yet,0.0
70,30897,university__Località,"Various areas (Area 100, 200, 300, 400, 500, 600, 800)",CALCINAIA,not specified yet,0.0
71,30897,university__Data_intervento,2019-03 - 2020-01,"Marzo 2019 - gennaio 202, 2019",not specified yet,0.0
72,30897,university__Tipo_di_intervento,Assistenza,Assistenza,not specified yet,1.0
73,30897,university__Durata,,301,not specified yet,0.0
74,30897,university__Eseguito_da,,"A. Alberti, A. Costantini",not specified yet,0.0
75,30897,university__Direzione_scientifica,Antonio Alberti,C. Rizzitelli,not specified yet,0.0
76,30897,university__Estensione,"Area 100, Area 200, Area 300, Area 400, Area 500, Area 600, Area 800",,not specified yet,0.0
77,30897,university__Numero_di_saggi,1,1,not specified yet,1.0
78,30897,university__Profondità_massima,-2.5,-1.2,not specified yet,0.0
79,30897,university__Geologico,True,,not specified yet,0.0
80,30897,university__OGD,infrastruttura viaria,infrastruttura viaria,not specified yet,1.0
81,30897,university__OGM,documentazione di indagini archeologiche pregresse,documentazione di indagini archeologiche pregresse,not specified yet,1.0
82,30897,university__Profondità_falda,,-1.2,not specified yet,0.0
83,30897,building__Istituzione,,Firenze - SBAT,not specified yet,0.0
84,30897,building__Funzionario_competente,Antonio AlbertiAlessandro Costantini,C. Rizzitelli,not specified yet,0.0
85,30897,building__Tipo_di_documento,Relazione di scavo,Relazione indagine,not specified yet,0.0
86,30897,building__Protocollo,,n.7580/2020,not specified yet,0.0
87,30897,building__Data_Protocollo,,13-07-2020,not specified yet,0.0
88,31035,university__Sigla,,,not specified yet,1.0
89,31035,university__Comune,Ravenna,Pelago (Firenze),not specified yet,0.0
90,31035,university__Ubicazione,Via Classense,Stentatoio,not specified yet,0.0
91,31035,university__Indirizzo,"Via Classense, 58",,not specified yet,0.0
92,31035,university__Località,"Area edificante in Via Classense, 58, Ravenna. Terreno destinato alla realizzazione di un nuovo edificio residenziale.",STENTATOIO,not specified yet,0.0
93,31035,university__Data_intervento,2018,"20 novembre, 2015",not specified yet,0.0
94,31035,university__Tipo_di_intervento,Scavo preventivo,Assistenza,not specified yet,0.0
95,31035,university__Durata,15,5,not specified yet,0.0
96,31035,university__Eseguito_da,Studio Archeologico A.R.C.H.E.,A. Violetti,not specified yet,0.0
97,31035,university__Direzione_scientifica,E. Ravaglioli,S. Sarti,not specified yet,0.0
98,31035,university__Estensione,,79.452,not specified yet,0.0
99,31035,university__Numero_di_saggi,0,2,not specified yet,0.0
100,31035,university__Profondità_massima,,-1.2,not specified yet,0.0
101,31035,university__Geologico,,,not specified yet,1.0
102,31035,university__OGD,infrastruttura di servizio,sito non identificato,not specified yet,0.0
103,31035,university__OGM,dati di archivio,dati di archivio,not specified yet,1.0
104,31035,university__Profondità_falda,,,not specified yet,0.0
105,31035,building__Istituzione,,Firenze - SBAT,not specified yet,0.0
106,31035,building__Funzionario_competente,E. Ravaglioli,S. Sarti,not specified yet,0.0
107,31035,building__Tipo_di_documento,Altro,Relazione di scavo,not specified yet,0.0
108,31035,building__Protocollo,None,34.19.04/3 n.19709,not specified yet,0.0
109,31035,building__Data_Protocollo,None,25-12-2015,not specified yet,0.0
110,31164,university__Sigla,,,not specified yet,1.0
111,31164,university__Comune,Vaiano,Vaiano (Prato),not specified yet,0.0
112,31164,university__Ubicazione,Badia di San Salvatore,Badia S. Salvatore,not specified yet,0.0
113,31164,university__Indirizzo,,,not specified yet,1.0
114,31164,university__Località,"A place where three small sondages were excavated, likely within or near the Badia di San Salvatore. The presence of a ""camino"" (fireplace) and ""cantina"" (cellar) suggests a building or structure was present.",,not specified yet,0.0
115,31164,university__Data_intervento,2013,", 2013",not specified yet,1.0
116,31164,university__Tipo_di_intervento,Scavo preventivo,Scavo programmato,not specified yet,0.0
117,31164,university__Durata,,,not specified yet,1.0
118,31164,university__Eseguito_da,,F. Cheli,not specified yet,0.0
119,31164,university__Direzione_scientifica,P. Perazzi,P. Perazzi,not specified yet,1.0
120,31164,university__Estensione,,27,not specified yet,0.0
121,31164,university__Numero_di_saggi,4,1,not specified yet,0.0
122,31164,university__Profondità_massima,-0.5,-2.3,not specified yet,0.0
123,31164,university__Geologico,True,True,not specified yet,1.0
124,31164,university__OGD,insediamento,sito pluristratificato,not specified yet,0.0
125,31164,university__OGM,dati di archivio,dati di archivio,not specified yet,1.0
126,31164,university__Profondità_falda,,,not specified yet,0.0
127,31164,building__Istituzione,SOPRINTENDENZA PER I BENI ARCHEOLOGICI DELLA TOSCANA,Firenze - SBAT,not specified yet,0.0
128,31164,building__Funzionario_competente,P. Perazzi,P. Perazzi,not specified yet,1.0
129,31164,building__Tipo_di_documento,Relazione di scavo,Relazione di scavo,not specified yet,1.0
130,31164,building__Protocollo,0019278,34.21.07/245.1 n.19278,not specified yet,0.0
131,31164,building__Data_Protocollo,16/12/2013,16-12-2013,not specified yet,1.0
132,31208,university__Sigla,,,not specified yet,1.0
133,31208,university__Comune,Capraia e Limite,Capraia e Limite (Firenze),not specified yet,0.0
134,31208,university__Ubicazione,l’Oratorio,"Le Muriccia, L'Oratorio",not specified yet,0.0
135,31208,university__Indirizzo,via G. Palandri,VIA PALANDRI N. 49,not specified yet,0.0
136,31208,university__Località,Capraia e Limite (FI),L'ORATORIO,not specified yet,0.0
137,31208,university__Data_intervento,30-12-2008,"8 dicembre, 2008",not specified yet,1.0
138,31208,university__Tipo_di_intervento,Scavo preventivo,Scavo preventivo,not specified yet,1.0
139,31208,university__Durata,,,not specified yet,1.0
140,31208,university__Eseguito_da,VEMA S.R.L.,"P. Fenu, Cooperativa ICHNOS",not specified yet,0.0
141,31208,university__Direzione_scientifica,Pino Fenu,P. Fenu,not specified yet,0.0
142,31208,university__Estensione,"Planimetria del capannone con posizionamento dei saggi archeologici effettuati, Planimetrie e sezioni dei saggi 1, 2, 3., documentazione fotografica digitale, copia digitale della relazione, posizionamento dei saggi sulla Carta Tecnica Regionale (in formato Autocad), Planimetrie e sezioni dei saggi 1, 2, 3 (in formato PDF), Planimetria del capannone con posizionamento dei saggi archeologici effettuati (in formato PDF)",4.599,not specified yet,0.0
143,31208,university__Numero_di_saggi,13,7,not specified yet,0.0
144,31208,university__Profondità_massima,-3.5,-3.6,not specified yet,0.0
145,31208,university__Geologico,True,False,not specified yet,0.0
146,31208,university__OGD,struttura abitativa,sito pluristratificato,not specified yet,0.0
147,31208,university__OGM,documentazione di indagini archeologiche pregresse,dati di archivio,not specified yet,0.0
148,31208,university__Profondità_falda,,,not specified yet,0.0
149,31208,building__Istituzione,VEMA S.R.L.,Firenze - SBAT,not specified yet,0.0
150,31208,building__Funzionario_competente,Lorella Alderighi,L. Alderighi,not specified yet,0.0
151,31208,building__Tipo_di_documento,Relazione di scavo,Relazione di scavo,not specified yet,1.0
152,31208,building__Protocollo,,34.31.01/1 n.1319,not specified yet,0.0
153,31208,building__Data_Protocollo,,30-12-2008,not specified yet,0.0
154,32600,university__Sigla,,,not specified yet,1.0
155,32600,university__Comune,Fiesole,Fiesole (Firenze),not specified yet,0.0
156,32600,university__Ubicazione,Area Garibaldi,"area Garibaldi, zona posta tra l'area archeologica e via Mangani",not specified yet,0.0
157,32600,university__Indirizzo,Piazza Garibaldi,,not specified yet,0.0
158,32600,university__Località,Fiesole,FIESOLE,not specified yet,1.0
159,32600,university__Data_intervento,24-29 gennaio 2005,"24 gennaio, 2005",not specified yet,1.0
160,32600,university__Tipo_di_intervento,Scavo preventivo,Scavo programmato,not specified yet,0.0
161,32600,university__Durata,6,6,not specified yet,1.0
162,32600,university__Eseguito_da,Società Archeologica del Centro Italia S.r.l.,Società Archeologica del Centro Italia S.A.C.I.,not specified yet,0.0
163,32600,university__Direzione_scientifica,Anna Rastrelli,A. Rastrelli,not specified yet,0.0
164,32600,university__Estensione,,,not specified yet,1.0
165,32600,university__Numero_di_saggi,19,8,not specified yet,0.0
166,32600,university__Profondità_massima,-2.2,-2.4,not specified yet,0.0
167,32600,university__Geologico,True,True,not specified yet,1.0
168,32600,university__OGD,insediamento,sito non identificato,not specified yet,0.0
169,32600,university__OGM,documentazione di indagini archeologiche pregresse,dati di archivio,not specified yet,0.0
170,32600,university__Profondità_falda,,,not specified yet,0.0
171,32600,building__Istituzione,Società Archeologica del Centro Italia S.r.l.,Firenze - SBAT,not specified yet,0.0
172,32600,building__Funzionario_competente,Anna RastrelliSimone Boninsegni,G. C. Cianferoni,not specified yet,0.0
173,32600,building__Tipo_di_documento,Relazione indagine,Relazione stato lavori,not specified yet,0.0
174,32600,building__Protocollo,N/A,9 Firenze 3 n.25698,not specified yet,0.0
175,32600,building__Data_Protocollo,24-29 gennaio 2005,22-12-2006,not specified yet,0.0
176,32714,university__Sigla,,,not specified yet,1.0
177,32714,university__Comune,Fiesole,Fiesole (Firenze),not specified yet,0.0
178,32714,university__Ubicazione,Zona Archeologica di Fiesole,area archeologica di Fiesole,not specified yet,0.0
179,32714,university__Indirizzo,"via Portigiani, 1( F.C. 24 partt. — 17, 134, 220, 12 subb. 1-2, 18 | subb.1-2; N.C.T. Fg. 24 partt. 1, 2, 3, 19, 20, 133)",,not specified yet,0.0
180,32714,university__Località,Fiesole (Fi),FIESOLE,not specified yet,0.0
181,32714,university__Data_intervento,5/12/2012,", 2012",not specified yet,0.0
182,32714,university__Tipo_di_intervento,Non specificato,Lettura elevati,not specified yet,0.0
183,32714,university__Durata,,,not specified yet,1.0
184,32714,university__Eseguito_da,,,not specified yet,1.0
185,32714,university__Direzione_scientifica,,,not specified yet,1.0
186,32714,university__Estensione,,,not specified yet,1.0
187,32714,university__Numero_di_saggi,12345,,not specified yet,0.0
188,32714,university__Profondità_massima,,,not specified yet,0.0
189,32714,university__Geologico,,False,not specified yet,0.0
190,32714,university__OGD,sito pluristratificato,sito pluristratificato,not specified yet,1.0
191,32714,university__OGM,dati di archivio,dati di archivio,not specified yet,1.0
192,32714,university__Profondità_falda,,,not specified yet,0.0
193,32714,building__Istituzione,Soprintendenza Archeologia della Toscana,Firenze - SBAT,not specified yet,0.0
194,32714,building__Funzionario_competente,Lucrezia CuniglioFrancesco Vitiello,A. Pessina,not specified yet,0.0
195,32714,building__Tipo_di_documento,Informativa/segnalazione,Relazione indagine,not specified yet,0.0
196,32714,building__Protocollo,10657,34.07.01/52 n.19400,not specified yet,0.0
197,32714,building__Data_Protocollo,25 giugno 2012,07-12-2012,not specified yet,0.0
198,33062,university__Sigla,,,not specified yet,1.0
199,33062,university__Comune,Riparbella,Riparbella (Pisa),not specified yet,0.0
200,33062,university__Ubicazione,Parco Eolico Riparbella,"Aerogeneratore 8, saggio 1",not specified yet,0.0
201,33062,university__Indirizzo,,,not specified yet,1.0
202,33062,university__Località,Area of the wind farm construction site in Riparbella.,Poggio Malconsiglio,not specified yet,0.0
203,33062,university__Data_intervento,2012,"maggio, 2012",not specified yet,1.0
204,33062,university__Tipo_di_intervento,Assistenza,Scavo preventivo,not specified yet,0.0
205,33062,university__Durata,,,not specified yet,1.0
206,33062,university__Eseguito_da,Cooperativa Archeologia,C. Ducci,not specified yet,0.0
207,33062,university__Direzione_scientifica,C. Ducci,L. Pellegrineschi,not specified yet,0.0
208,33062,university__Estensione,,1,not specified yet,0.0
209,33062,university__Numero_di_saggi,17,16,not specified yet,0.0
210,33062,university__Profondità_massima,-1.7,-0.3,not specified yet,0.0
211,33062,university__Geologico,True,True,not specified yet,1.0
212,33062,university__OGD,area priva di tracce archeologiche,area priva di tracce archeologiche,not specified yet,1.0
213,33062,university__OGM,documentazione di indagini archeologiche pregresse,dati di archivio,not specified yet,0.0
214,33062,university__Profondità_falda,,,not specified yet,0.0
215,33062,building__Istituzione,Cooperativa Archeologia,Firenze - SBAT,not specified yet,0.0
216,33062,building__Funzionario_competente,C. Ducci,A. Pessina,not specified yet,0.0
217,33062,building__Tipo_di_documento,Relazione indagine,Relazione di scavo,not specified yet,0.0
218,33062,building__Protocollo,None,34.19.04/232 n.9601,not specified yet,0.0
219,33062,building__Data_Protocollo,MAGGIO 2012,06-06-2012,not specified yet,0.0
220,33441,university__Sigla,,,not specified yet,1.0
221,33441,university__Comune,Impruneta,Impruneta (Firenze),not specified yet,0.0
222,33441,university__Ubicazione,S. Martino – Ugolino,località San Martino - Ugolino,not specified yet,0.0
223,33441,university__Indirizzo,,,not specified yet,1.0
224,33441,university__Località,"Area for the construction of a BT power line. The site consisted of layers of dark brown organic soil with roots, fragments of modern ceramics and bricks, followed by a clay matrix layer and finally a thick layer of grey rock.",,not specified yet,0.0
225,33441,university__Data_intervento,2013,"28 gennaio, 2015",not specified yet,0.0
226,33441,university__Tipo_di_intervento,Assistenza,Assistenza,not specified yet,1.0
227,33441,university__Durata,,,not specified yet,1.0
228,33441,university__Eseguito_da,ENEL DISTRIBUZIONE S.P.A.,Società Cooperativa Archeologica A.R.A.,not specified yet,0.0
229,33441,university__Direzione_scientifica,,,not specified yet,1.0
230,33441,university__Estensione,,,not specified yet,1.0
231,33441,university__Numero_di_saggi,1,,not specified yet,0.0
232,33441,university__Profondità_massima,-1.6,-1.6,not specified yet,1.0
233,33441,university__Geologico,True,True,not specified yet,1.0
234,33441,university__OGD,luogo con ritrovamento sporadico,sito non identificato,not specified yet,0.0
235,33441,university__OGM,dati di archivio,dati di archivio,not specified yet,1.0
236,33441,university__Profondità_falda,,,not specified yet,0.0
237,33441,building__Istituzione,SOPRINTENDENZA PER I BENI ARCHEOLOGICI DELLA TOSCANA,Firenze - SBAT,not specified yet,0.0
238,33441,building__Funzionario_competente,,A. Pessina,not specified yet,0.0
239,33441,building__Tipo_di_documento,Relazione di scavo,Relazione di scavo,not specified yet,1.0
240,33441,building__Protocollo,Nr07_2013 (25),34.19.04/3 n.2818,not specified yet,0.0
241,33441,building__Data_Protocollo,N/A,20-02-2015,not specified yet,0.0
242,33689,university__Sigla,,CB-GIGLI,not specified yet,0.0
243,33689,university__Comune,Campi Bisenzio,Campi Bisenzio (Firenze),not specified yet,0.0
244,33689,university__Ubicazione,Area centro commerciale “I Gigli”,"Area adiacente il Centro Commerciale ""I Gigli""",not specified yet,0.0
245,33689,university__Indirizzo,,,not specified yet,1.0
246,33689,university__Località,"Area of the ""I Gigli"" shopping center. The document doesn't specify what was present at the site before the intervention, only that archaeological surveys were conducted.",,not specified yet,0.0
247,33689,university__Data_intervento,2015,"Giugno, 2015",not specified yet,1.0
248,33689,university__Tipo_di_intervento,Assistenza,Scavo preventivo,not specified yet,0.0
249,33689,university__Durata,,,not specified yet,1.0
250,33689,university__Eseguito_da,V. d’Aquino,V. d'Aquino,not specified yet,0.0
251,33689,university__Direzione_scientifica,P. Perazzi,G. Poggesi,not specified yet,0.0
252,33689,university__Estensione,,35,not specified yet,0.0
253,33689,university__Numero_di_saggi,1,6,not specified yet,0.0
254,33689,university__Profondità_massima,,-1.8,not specified yet,0.0
255,33689,university__Geologico,,False,not specified yet,0.0
256,33689,university__OGD,insediamento,area priva di tracce archeologiche,not specified yet,0.0
257,33689,university__OGM,documentazione di indagini archeologiche pregresse,dati di archivio,not specified yet,0.0
258,33689,university__Profondità_falda,,,not specified yet,0.0
259,33689,building__Istituzione,Soprintendenza Archeologia della Toscana,Firenze - SBAT,not specified yet,0.0
260,33689,building__Funzionario_competente,P. PerazziV. d’Aquino,G. Poggesi,not specified yet,0.0
261,33689,building__Tipo_di_documento,Relazione di missione,Relazione di scavo,not specified yet,0.0
262,33689,building__Protocollo,CB-GIGLI 2015,34.19.07/45 n.12112,not specified yet,0.0
263,33689,building__Data_Protocollo,N/A,,not specified yet,0.0
264,33760,university__Sigla,,,not specified yet,1.0
265,33760,university__Comune,Vicchio,Vicchio (Firenze),not specified yet,0.0
266,33760,university__Ubicazione,Poggio Colla e Podere Funghi,"Poggio di Colla, saggio PC 30",not specified yet,0.0
267,33760,university__Indirizzo,,,not specified yet,1.0
268,33760,university__Località,"Area archeologica con tracce di mura e stanze, probabilmente un insediamento antico. Sono menzionati un cortile (fase II) e un possibile altare.",,not specified yet,0.0
269,33760,university__Data_intervento,2007,", 2007",not specified yet,1.0
270,33760,university__Tipo_di_intervento,Scavo programmato,Scavo programmato,not specified yet,1.0
271,33760,university__Durata,,,not specified yet,1.0
272,33760,university__Eseguito_da,P. Gregory Warden,Southern Methodist University of Dallas,not specified yet,0.0
273,33760,university__Direzione_scientifica,P. Gregory Warden,P. G. Warden,not specified yet,0.0
274,33760,university__Estensione,,25,not specified yet,0.0
275,33760,university__Numero_di_saggi,1,1,not specified yet,1.0
276,33760,university__Profondità_massima,,,not specified yet,0.0
277,33760,university__Geologico,,,not specified yet,1.0
278,33760,university__OGD,insediamento,strutture per il culto,not specified yet,0.0
279,33760,university__OGM,documentazione di indagini archeologiche pregresse,dati di archivio,not specified yet,0.0
280,33760,university__Profondità_falda,,,not specified yet,0.0
281,33760,building__Istituzione,Southern Methodist University,Firenze - SBAT,not specified yet,0.0
282,33760,building__Funzionario_competente,P. Gregory Warden,F. Lo Schiavo,not specified yet,0.0
283,33760,building__Tipo_di_documento,Relazione di scavo,Relazione di scavo,not specified yet,1.0
284,33760,building__Protocollo,1836,"34.31.07/82.1, 82.2, 82.3, 82.4, 82.5 n.18726",not specified yet,0.0
285,33760,building__Data_Protocollo,"50 OTT, 2007",30-10-2007,not specified yet,0.0
286,33828,university__Sigla,,FI-CSF'14,not specified yet,0.0
287,33828,university__Comune,Montaione,Montaione (Firenze),not specified yet,0.0
288,33828,university__Ubicazione,Castelfalﬁ,Buca 1. Loc. La Collina.,not specified yet,0.0
289,33828,university__Indirizzo,,,not specified yet,1.0
290,33828,university__Località,"Unknown. The document does not provide details about the specific place where the intervention took place, only the municipality and location.",LA COLLINA,not specified yet,0.0
291,33828,university__Data_intervento,2025-06-30,"02 aprile - aprile, 2014",not specified yet,0.0
292,33828,university__Tipo_di_intervento,Assistenza,Assistenza,not specified yet,1.0
293,33828,university__Durata,,,not specified yet,1.0
294,33828,university__Eseguito_da,"{'first_name': None, 'surname': 'B&P Archeologia'}",Associazione  Professionale B&P Archeologia - Archeologia  e Beni Culturali,not specified yet,0.0
295,33828,university__Direzione_scientifica,A. Palchetti,A. Pessina,not specified yet,0.0
296,33828,university__Estensione,,1,not specified yet,0.0
297,33828,university__Numero_di_saggi,1,1,not specified yet,1.0
298,33828,university__Profondità_massima,-1.9,-1.8,not specified yet,0.0
299,33828,university__Geologico,True,,not specified yet,0.0
300,33828,university__OGD,area priva di tracce archeologiche,area priva di tracce archeologiche,not specified yet,1.0
301,33828,university__OGM,dati di archivio,dati di archivio,not specified yet,1.0
302,33828,university__Profondità_falda,,,not specified yet,0.0
303,33828,building__Istituzione,B&P Archeologia,Firenze - SBAT,not specified yet,0.0
304,33828,building__Funzionario_competente,A. PalchettiC. Bigagli,A. Pessina,not specified yet,0.0
305,33828,building__Tipo_di_documento,Relazione di scavo,Relazione di scavo,not specified yet,1.0
306,33828,building__Protocollo,N/A,34.19.04/3 n.7197,not specified yet,0.0
307,33828,building__Data_Protocollo,N/A,07-05-2014,not specified yet,0.0
308,34423,university__Sigla,,,not specified yet,1.0
309,34423,university__Comune,None,Calenzano (Firenze),not specified yet,0.0
310,34423,university__Ubicazione,Lotto 1,"Variante di Valico dell'Autostrada A1 MI-NA, Lotto 1, WBS CS10",not specified yet,0.0
311,34423,university__Indirizzo,,,not specified yet,1.0
312,34423,university__Località,None,,not specified yet,0.0
313,34423,university__Data_intervento,2014-10-01/2015-09-30,"Ottobre - Novembre, 2014",not specified yet,0.0
314,34423,university__Tipo_di_intervento,Assistenza,Assistenza,not specified yet,1.0
315,34423,university__Durata,,,not specified yet,1.0
316,34423,university__Eseguito_da,,"A. Magno, D. Tuci, C. Pieretti, O. Filippi",not specified yet,0.0
317,34423,university__Direzione_scientifica,Chiara Pieretti,"V. Leonini, P. Giroldini",not specified yet,0.0
318,34423,university__Estensione,,13,not specified yet,0.0
319,34423,university__Numero_di_saggi,1,1,not specified yet,1.0
320,34423,university__Profondità_massima,-3.0,-0.5,not specified yet,0.0
321,34423,university__Geologico,True,True,not specified yet,1.0
322,34423,university__OGD,area priva di tracce archeologiche,area priva di tracce archeologiche,not specified yet,1.0
323,34423,university__OGM,documentazione di indagini archeologiche pregresse,dati di archivio,not specified yet,0.0
324,34423,university__Profondità_falda,,,not specified yet,0.0
325,34423,building__Istituzione,Soprintendenza Archeologia della Toscana,Firenze - SBAT,not specified yet,0.0
326,34423,building__Funzionario_competente,,A. Pessina,not specified yet,0.0
327,34423,building__Tipo_di_documento,Relazione indagine,Relazione di scavo,not specified yet,0.0
328,34423,building__Protocollo,10/10/2015,34.19.04/6 n.17610 [2015],not specified yet,0.0
329,34423,building__Data_Protocollo,10/10/2015,,not specified yet,0.0
330,34439,university__Sigla,,,not specified yet,1.0
331,34439,university__Comune,None,Calenzano (Firenze),not specified yet,0.0
332,34439,university__Ubicazione,Lotto 1,"Variante di Valico dell'Autostrada A1 MI-NA, Lotto 1, WBS VI10",not specified yet,0.0
333,34439,university__Indirizzo,,,not specified yet,1.0
334,34439,university__Località,None,,not specified yet,0.0
335,34439,university__Data_intervento,2014-10-01/2015-09-30,"Novembre, 2014",not specified yet,0.0
336,34439,university__Tipo_di_intervento,Assistenza,Assistenza,not specified yet,1.0
337,34439,university__Durata,,,not specified yet,1.0
338,34439,university__Eseguito_da,,A. Magno,not specified yet,0.0
339,34439,university__Direzione_scientifica,Chiara Pieretti,"V. Leonini, P. Giroldini",not specified yet,0.0
340,34439,university__Estensione,,15,not specified yet,0.0
341,34439,university__Numero_di_saggi,1,5,not specified yet,0.0
342,34439,university__Profondità_massima,-3.0,-3.5,not specified yet,0.0
343,34439,university__Geologico,True,True,not specified yet,1.0
344,34439,university__OGD,area priva di tracce archeologiche,area priva di tracce archeologiche,not specified yet,1.0
345,34439,university__OGM,documentazione di indagini archeologiche pregresse,dati di archivio,not specified yet,0.0
346,34439,university__Profondità_falda,,,not specified yet,0.0
347,34439,building__Istituzione,Soprintendenza Archeologia della Toscana,Firenze - SBAT,not specified yet,0.0
348,34439,building__Funzionario_competente,,A. Pessina,not specified yet,0.0
349,34439,building__Tipo_di_documento,Relazione indagine,Relazione di scavo,not specified yet,0.0
350,34439,building__Protocollo,10/10/2015,34.19.04/6 n.17610 [2015],not specified yet,0.0
351,34439,building__Data_Protocollo,10/10/2015,,not specified yet,0.0
352,34452,university__Sigla,,,not specified yet,1.0
353,34452,university__Comune,Montelupo Fiorentino,Montelupo Fiorentino (Firenze),not specified yet,0.0
354,34452,university__Ubicazione,Via della Quercia,"Via della Quercia, Sammontana",not specified yet,1.0
355,34452,university__Indirizzo,,VIA DELLA QUERCIA N.,not specified yet,0.0
356,34452,university__Località,Area for laying an electroduct and water pipes,SAMMONTANA,not specified yet,0.0
357,34452,university__Data_intervento,2014,"post 16 dicembre , 2013",not specified yet,0.0
358,34452,university__Tipo_di_intervento,Assistenza,Assistenza,not specified yet,1.0
359,34452,university__Durata,,,not specified yet,1.0
360,34452,university__Eseguito_da,ICHNOS S.c.a.r.l.,Cooperativa ICHNOS,not specified yet,0.0
361,34452,university__Direzione_scientifica,P. Fenu,P. Fenu,not specified yet,1.0
362,34452,university__Estensione,,,not specified yet,1.0
363,34452,university__Numero_di_saggi,1,,not specified yet,0.0
364,34452,university__Profondità_massima,,-0.9,not specified yet,0.0
365,34452,university__Geologico,True,False,not specified yet,0.0
366,34452,university__OGD,insediamento,luogo con tracce di frequentazione,not specified yet,0.0
367,34452,university__OGM,documentazione di indagini archeologiche pregresse,dati di archivio,not specified yet,0.0
368,34452,university__Profondità_falda,,,not specified yet,0.0
369,34452,building__Istituzione,ICHNOS S.c.a.r.l.,Firenze - SBAT,not specified yet,0.0
370,34452,building__Funzionario_competente,P. Fenu,L. Alderighi,not specified yet,0.0
371,34452,building__Tipo_di_documento,Relazione di scavo,Relazione di scavo,not specified yet,1.0
372,34452,building__Protocollo,N/A,34.35.00/133.12 n.5420,not specified yet,0.0
373,34452,building__Data_Protocollo,N/A,07-04-2014,not specified yet,0.0
374,34508,university__Sigla,,,not specified yet,1.0
375,34508,university__Comune,None,Calenzano (Firenze),not specified yet,0.0
376,34508,university__Ubicazione,Lotto 1,"Variante di Valico dell'Autostrada A1 MI-NA, Lotto 1, WBS IR04",not specified yet,0.0
377,34508,university__Indirizzo,,,not specified yet,1.0
378,34508,university__Località,None,CARPOGNANE,not specified yet,0.0
379,34508,university__Data_intervento,2014-10-01/2015-09-30,"29 Maggio, 2015",not specified yet,0.0
380,34508,university__Tipo_di_intervento,Assistenza,Assistenza,not specified yet,1.0
381,34508,university__Durata,,1,not specified yet,0.0
382,34508,university__Eseguito_da,,O. Filippi,not specified yet,0.0
383,34508,university__Direzione_scientifica,Chiara Pieretti,"V. Leonini, P. Giroldini",not specified yet,0.0
384,34508,university__Estensione,,15,not specified yet,0.0
385,34508,university__Numero_di_saggi,1,29,not specified yet,0.0
386,34508,university__Profondità_massima,-3.0,-2.0,not specified yet,0.0
387,34508,university__Geologico,True,True,not specified yet,1.0
388,34508,university__OGD,area priva di tracce archeologiche,area priva di tracce archeologiche,not specified yet,1.0
389,34508,university__OGM,documentazione di indagini archeologiche pregresse,dati di archivio,not specified yet,0.0
390,34508,university__Profondità_falda,,,not specified yet,0.0
391,34508,building__Istituzione,Soprintendenza Archeologia della Toscana,Firenze - SBAT,not specified yet,0.0
392,34508,building__Funzionario_competente,,A. Pessina,not specified yet,0.0
393,34508,building__Tipo_di_documento,Relazione indagine,Relazione di scavo,not specified yet,0.0
394,34508,building__Protocollo,10/10/2015,34.19.04/6 n.17610 [2015],not specified yet,0.0
395,34508,building__Data_Protocollo,10/10/2015,,not specified yet,0.0
396,34915,university__Sigla,,,not specified yet,0.0
397,34915,university__Comune,,Reggello (Firenze),not specified yet,0.0
398,34915,university__Ubicazione,,Borgo a Cascia,not specified yet,0.0
399,34915,university__Indirizzo,,,not specified yet,0.0
400,34915,university__Località,,BORGO A CASCIA,not specified yet,0.0
401,34915,university__Data_intervento,,"19 novembre, 2013",not specified yet,0.0
402,34915,university__Tipo_di_intervento,,Assistenza,not specified yet,0.0
403,34915,university__Durata,,5,not specified yet,0.0
404,34915,university__Eseguito_da,,B&P Archeologia - Archeologia e Beni Culturali,not specified yet,0.0
405,34915,university__Direzione_scientifica,,P. Giroldini,not specified yet,0.0
406,34915,university__Estensione,,,not specified yet,0.0
407,34915,university__Numero_di_saggi,,7,not specified yet,0.0
408,34915,university__Profondità_massima,,-2.1,not specified yet,0.0
409,34915,university__Geologico,,True,not specified yet,0.0
410,34915,university__OGD,,area priva di tracce archeologiche,not specified yet,0.0
411,34915,university__OGM,,dati di archivio,not specified yet,0.0
412,34915,university__Profondità_falda,,,not specified yet,0.0
413,34915,building__Istituzione,,Firenze - SBAT,not specified yet,0.0
414,34915,building__Funzionario_competente,,A. Pessina,not specified yet,0.0
415,34915,building__Tipo_di_documento,,Relazione di scavo,not specified yet,0.0
416,34915,building__Protocollo,,34.19.04/3 n. 7544,not specified yet,0.0
417,34915,building__Data_Protocollo,,13-05-2014,not specified yet,0.0
418,34939,university__Sigla,,,not specified yet,1.0
419,34939,university__Comune,Calenzano,Calenzano (Firenze),not specified yet,0.0
420,34939,university__Ubicazione,Saggi 23 e 24,Via A. Salvanti,not specified yet,0.0
421,34939,university__Indirizzo,,,not specified yet,1.0
422,34939,university__Località,"Area archeologica in Calenzano, con sondaggi (saggi) per indagini stratigrafiche.",SETTIMELLO,not specified yet,0.0
423,34939,university__Data_intervento,"{'year': 2009, 'month': 'None', 'day': 'None'}","8 - 30 Giugno, 2009",not specified yet,1.0
424,34939,university__Tipo_di_intervento,Scavo programmato,Assistenza,not specified yet,0.0
425,34939,university__Durata,,22,not specified yet,0.0
426,34939,university__Eseguito_da,S.A.C.I. – Società Archeologica del Centro Italia S.r.l.,"Saci, Società Archeologica del Centro Italia",not specified yet,0.0
427,34939,university__Direzione_scientifica,Roberta Puglia,G. Poggesi,not specified yet,0.0
428,34939,university__Estensione,,9,not specified yet,0.0
429,34939,university__Numero_di_saggi,24,8,not specified yet,0.0
430,34939,university__Profondità_massima,-1.8,-1.7,not specified yet,0.0
431,34939,university__Geologico,,True,not specified yet,0.0
432,34939,university__OGD,sito pluristratificato,area priva di tracce archeologiche,not specified yet,0.0
433,34939,university__OGM,documentazione di indagini archeologiche pregresse,dati di archivio,not specified yet,0.0
434,34939,university__Profondità_falda,,,not specified yet,0.0
435,34939,building__Istituzione,S.A.C.I. – Società Archeologica del Centro Italia S.r.l.,Firenze - SBAT,not specified yet,0.0
436,34939,building__Funzionario_competente,Roberta Puglia,G. Poggesi,not specified yet,0.0
437,34939,building__Tipo_di_documento,Relazione di scavo,Relazione di scavo,not specified yet,1.0
438,34939,building__Protocollo,,[pos. non presente] prot.17183/2009,not specified yet,0.0
439,34939,building__Data_Protocollo,,,not specified yet,0.0
440,35429,university__Sigla,,,not specified yet,1.0
441,35429,university__Comune,San Casciano Val di Pesa,San Casciano in Val di Pesa (Firenze),not specified yet,0.0
442,35429,university__Ubicazione,Via Volterrana in Località Chiesanuova,Via Volterrana in località Chiesanuova.,not specified yet,1.0
443,35429,university__Indirizzo,,VIA VOLTERRANA N.,not specified yet,0.0
444,35429,university__Località,"Via Volterrana, a road in the locality of Chiesanuova. The intervention took place during works on the road, involving the excavation of a trench.",CHIESANUOVA,not specified yet,0.0
445,35429,university__Data_intervento,2015,"17, 19-23 ottobre, 2015",not specified yet,1.0
446,35429,university__Tipo_di_intervento,Assistenza,Assistenza,not specified yet,1.0
447,35429,university__Durata,,6,not specified yet,0.0
448,35429,university__Eseguito_da,Soluzioni Globali S.r.l.,ARA Società cooperativa archeologica,not specified yet,0.0
449,35429,university__Direzione_scientifica,,A. Pessina,not specified yet,0.0
450,35429,university__Estensione,,,not specified yet,1.0
451,35429,university__Numero_di_saggi,0,,not specified yet,0.0
452,35429,university__Profondità_massima,-1.08,,not specified yet,0.0
453,35429,university__Geologico,False,,not specified yet,0.0
454,35429,university__OGD,area priva di tracce archeologiche,area priva di tracce archeologiche,not specified yet,1.0
455,35429,university__OGM,dati di archivio,dati di archivio,not specified yet,1.0
456,35429,university__Profondità_falda,,,not specified yet,0.0
457,35429,building__Istituzione,Soprintendenza Archeologia Toscana,Firenze - SBAT,not specified yet,0.0
458,35429,building__Funzionario_competente,,A. Pessina,not specified yet,0.0
459,35429,building__Tipo_di_documento,Relazione di missione,Relazione indagine,not specified yet,0.0
460,35429,building__Protocollo,Nr23_2015,"34.19.04/39 n. 422, 2016",not specified yet,0.0
461,35429,building__Data_Protocollo,2015,12-01-2016,not specified yet,0.0
462,35688,university__Sigla,,,not specified yet,0.0
463,35688,university__Comune,,Prato (Prato),not specified yet,0.0
464,35688,university__Ubicazione,,Via del Bisenzio a San Martino,not specified yet,0.0
465,35688,university__Indirizzo,,,not specified yet,0.0
466,35688,university__Località,,,not specified yet,0.0
467,35688,university__Data_intervento,,"Marzo, 2011",not specified yet,0.0
468,35688,university__Tipo_di_intervento,,Assistenza,not specified yet,0.0
469,35688,university__Durata,,,not specified yet,0.0
470,35688,university__Eseguito_da,,V. D'Aquino,not specified yet,0.0
471,35688,university__Direzione_scientifica,,G. Poggesi,not specified yet,0.0
472,35688,university__Estensione,,23,not specified yet,0.0
473,35688,university__Numero_di_saggi,,,not specified yet,0.0
474,35688,university__Profondità_massima,,,not specified yet,0.0
475,35688,university__Geologico,,False,not specified yet,0.0
476,35688,university__OGD,,sito non identificato,not specified yet,0.0
477,35688,university__OGM,,dati di archivio,not specified yet,0.0
478,35688,university__Profondità_falda,,,not specified yet,0.0
479,35688,building__Istituzione,,Firenze - SBAT,not specified yet,0.0
480,35688,building__Funzionario_competente,,G. Poggesi,not specified yet,0.0
481,35688,building__Tipo_di_documento,,Relazione di scavo,not specified yet,0.0
482,35688,building__Protocollo,,[titolo non presente] n.6091,not specified yet,0.0
483,35688,building__Data_Protocollo,,07-04-2011,not specified yet,0.0
484,35918,university__Sigla,,,not specified yet,1.0
485,35918,university__Comune,Calcinaia,Pisa (Pisa),not specified yet,0.0
486,35918,university__Ubicazione,Ex Consorzio Agrario,"Presso Lidl, Via Aurelia, 4, saggio 3",not specified yet,0.0
487,35918,university__Indirizzo,,VIA AURELIA N. 4,not specified yet,0.0
488,35918,university__Località,"Former site of the Consorzio Agrario, an area historically characterized by marshland.",,not specified yet,0.0
489,35918,university__Data_intervento,2019,"4 febbraio, 2019",not specified yet,1.0
490,35918,university__Tipo_di_intervento,Assistenza,Assistenza,not specified yet,1.0
491,35918,university__Durata,,,not specified yet,1.0
492,35918,university__Eseguito_da,Lidl Servizi Immobiliari S.r.l.,A. Alberti,not specified yet,0.0
493,35918,university__Direzione_scientifica,A. Alberti,C. Rizzitelli,not specified yet,0.0
494,35918,university__Estensione,,,not specified yet,1.0
495,35918,university__Numero_di_saggi,1,3,not specified yet,0.0
496,35918,university__Profondità_massima,-2.4,-2.4,not specified yet,1.0
497,35918,university__Geologico,True,True,not specified yet,1.0
498,35918,university__OGD,luogo con tracce di frequentazione,sito pluristratificato,not specified yet,0.0
499,35918,university__OGM,documentazione di indagini archeologiche pregresse,dati di archivio,not specified yet,0.0
500,35918,university__Profondità_falda,,,not specified yet,0.0
501,35918,building__Istituzione,"Soprintendenza Archeologia, Belle Arti e Paesaggio per le province di Pisa e Livorno",SABAP - PILI,not specified yet,0.0
502,35918,building__Funzionario_competente,A. Alberti,C. Rizzitelli,not specified yet,0.0
503,35918,building__Tipo_di_documento,Relazione di scavo,Relazione di scavo,not specified yet,1.0
504,35918,building__Protocollo,0009322-A - A01,n.9322,not specified yet,0.0
505,35918,building__Data_Protocollo,17/07/2019,17-07-2019,not specified yet,1.0
506,36011,university__Sigla,,,not specified yet,1.0
507,36011,university__Comune,Pisa,Pisa (Pisa),not specified yet,1.0
508,36011,university__Ubicazione,Ex Caserma Vito Artale,"Ex Caserma Vito Artale, via Derna, sondaggio 1",not specified yet,0.0
509,36011,university__Indirizzo,Via Derna,VIA DERNA N.,not specified yet,1.0
510,36011,university__Località,Former Vito Artale barracks,,not specified yet,0.0
511,36011,university__Data_intervento,2019,"1 agosto, 2019",not specified yet,1.0
512,36011,university__Tipo_di_intervento,Lettura elevati,Assistenza,not specified yet,0.0
513,36011,university__Durata,,1,not specified yet,0.0
514,36011,university__Eseguito_da,GIANO S.N.C.,Giano s.n.c.,not specified yet,1.0
515,36011,university__Direzione_scientifica,D. Pasini,C. Rizzitelli,not specified yet,0.0
516,36011,university__Estensione,,1.05,not specified yet,0.0
517,36011,university__Numero_di_saggi,12,1,not specified yet,0.0
518,36011,university__Profondità_massima,-2.8,-1.3,not specified yet,0.0
519,36011,university__Geologico,True,True,not specified yet,1.0
520,36011,university__OGD,sito pluristratificato,infrastruttura di consolidamento,not specified yet,0.0
521,36011,university__OGM,documentazione di indagini archeologiche pregresse,dati di archivio,not specified yet,0.0
522,36011,university__Profondità_falda,-1.0,,not specified yet,0.0
523,36011,building__Istituzione,GIANO S.N.C.,SABAP - PILI,not specified yet,0.0
524,36011,building__Funzionario_competente,D. PasiniM. Bonaiuto,C. Rizzitelli,not specified yet,0.0
525,36011,building__Tipo_di_documento,Relazione di scavo,Relazione di scavo,not specified yet,1.0
526,36011,building__Protocollo,0013280-A,n. 13280,not specified yet,0.0
527,36011,building__Data_Protocollo,25/10/2019,25-10-2019,not specified yet,1.0
528,36052,university__Sigla,,,not specified yet,1.0
529,36052,university__Comune,Pisa,Pisa (Pisa),not specified yet,1.0
530,36052,university__Ubicazione,Caserma Curtatone e Montanara,Ex caserma Curtatone e Montanara,not specified yet,1.0
531,36052,university__Indirizzo,Via G. Bruno 42,VIA GIORDANO BRUNO N. 42,not specified yet,1.0
532,36052,university__Località,"Former military district, area with underground tanks and potential earlier structures.",,not specified yet,0.0
533,36052,university__Data_intervento,2019,"18 giugno, 2019",not specified yet,1.0
534,36052,university__Tipo_di_intervento,Sopralluogo,Assistenza,not specified yet,0.0
535,36052,university__Durata,,9,not specified yet,0.0
536,36052,university__Eseguito_da,GIANO S.N.C.,Giano s.n.c.,not specified yet,1.0
537,36052,university__Direzione_scientifica,D. Pasini,C. Rizzitelli,not specified yet,0.0
538,36052,university__Estensione,,,not specified yet,1.0
539,36052,university__Numero_di_saggi,1,,not specified yet,0.0
540,36052,university__Profondità_massima,-3.23,-3.2,not specified yet,0.0
541,36052,university__Geologico,True,True,not specified yet,1.0
542,36052,university__OGD,insediamento,sito pluristratificato,not specified yet,0.0
543,36052,university__OGM,documentazione di indagini archeologiche pregresse,dati di archivio,not specified yet,0.0
544,36052,university__Profondità_falda,,,not specified yet,0.0
545,36052,building__Istituzione,GIANO S.N.C.,SABAP - PILI,not specified yet,0.0
546,36052,building__Funzionario_competente,D. Pasini,C. Rizzitelli,not specified yet,0.0
547,36052,building__Tipo_di_documento,Relazione di scavo,Relazione di scavo,not specified yet,1.0
548,36052,building__Protocollo,0013294-A,n. 13294,not specified yet,0.0
549,36052,building__Data_Protocollo,25/10/2019,25-10-2019,not specified yet,1.0
550,36207,university__Sigla,,,not specified yet,1.0
551,36207,university__Comune,Pisa,Castelfranco di Sotto (Pisa),not specified yet,0.0
552,36207,university__Ubicazione,Villa Campanile,HH2375. Loc. Orentano,not specified yet,0.0
553,36207,university__Indirizzo,,VIA DEL CONFINE N. 5,not specified yet,0.0
554,36207,university__Località,"Via della Pace, Via Ulivi",ORENTANO,not specified yet,0.0
555,36207,university__Data_intervento,10/09/2021,"11 maggio - 24 agosto, 2021",not specified yet,0.0
556,36207,university__Tipo_di_intervento,Scavo programmato,Assistenza,not specified yet,0.0
557,36207,university__Durata,,105,not specified yet,0.0
558,36207,university__Eseguito_da,Archeorete s.r.l.s.,Archeorete s.r.l.s.,not specified yet,1.0
559,36207,university__Direzione_scientifica,Dott.ssa Anna Giulia De Marco,,not specified yet,0.0
560,36207,university__Estensione,,,not specified yet,1.0
561,36207,university__Numero_di_saggi,1,5,not specified yet,0.0
562,36207,university__Profondità_massima,-1.8,-0.7,not specified yet,0.0
563,36207,university__Geologico,True,True,not specified yet,1.0
564,36207,university__OGD,insediamento,area priva di tracce archeologiche,not specified yet,0.0
565,36207,university__OGM,documentazione di indagini archeologiche pregresse,dati di archivio,not specified yet,0.0
566,36207,university__Profondità_falda,,,not specified yet,0.0
567,36207,building__Istituzione,Archeorete s.r.l.s.,SABAP - PILI,not specified yet,0.0
568,36207,building__Funzionario_competente,Dott. Guido Agresti,I. Benetti,not specified yet,0.0
569,36207,building__Tipo_di_documento,Relazione indagine,Relazione di missione,not specified yet,0.0
570,36207,building__Protocollo,N/A,n.13715,not specified yet,0.0
571,36207,building__Data_Protocollo,N/A,17-09-2021,not specified yet,0.0
572,36304,university__Sigla,,,not specified yet,1.0
573,36304,university__Comune,Pisa,Castelfranco di Sotto (Pisa),not specified yet,0.0
574,36304,university__Ubicazione,Villa Campanile,Pozzetto HH2416. Loc. Villa Campanile,not specified yet,0.0
575,36304,university__Indirizzo,,VIA ULIVI N.,not specified yet,0.0
576,36304,university__Località,"Via della Pace, Via Ulivi",VILLA CAMPANILE,not specified yet,0.0
577,36304,university__Data_intervento,10/09/2021,"11 maggio - 24 agosto, 2021",not specified yet,0.0
578,36304,university__Tipo_di_intervento,Scavo programmato,Assistenza,not specified yet,0.0
579,36304,university__Durata,,105,not specified yet,0.0
580,36304,university__Eseguito_da,Archeorete s.r.l.s.,Archeorete s.r.l.s.,not specified yet,1.0
581,36304,university__Direzione_scientifica,Dott.ssa Anna Giulia De Marco,,not specified yet,0.0
582,36304,university__Estensione,,,not specified yet,1.0
583,36304,university__Numero_di_saggi,1,15,not specified yet,0.0
584,36304,university__Profondità_massima,-1.8,-0.65,not specified yet,0.0
585,36304,university__Geologico,True,True,not specified yet,1.0
586,36304,university__OGD,insediamento,area priva di tracce archeologiche,not specified yet,0.0
587,36304,university__OGM,documentazione di indagini archeologiche pregresse,dati di archivio,not specified yet,0.0
588,36304,university__Profondità_falda,,,not specified yet,0.0
589,36304,building__Istituzione,Archeorete s.r.l.s.,SABAP - PILI,not specified yet,0.0
590,36304,building__Funzionario_competente,Dott. Guido Agresti,I. Benetti,not specified yet,0.0
591,36304,building__Tipo_di_documento,Relazione indagine,Relazione di missione,not specified yet,0.0
592,36304,building__Protocollo,N/A,n.13715,not specified yet,0.0
593,36304,building__Data_Protocollo,N/A,17-09-2021,not specified yet,0.0
594,36308,university__Sigla,,,not specified yet,1.0
595,36308,university__Comune,Pisa,Castelfranco di Sotto (Pisa),not specified yet,0.0
596,36308,university__Ubicazione,Villa Campanile,Pozzetto HH2337. Loc. Villa Campanile,not specified yet,0.0
597,36308,university__Indirizzo,,VIA DORI N. 52,not specified yet,0.0
598,36308,university__Località,"Via della Pace, Via Ulivi",VILLA CAMPANILE,not specified yet,0.0
599,36308,university__Data_intervento,10/09/2021,"11 maggio - 24 agosto, 2021",not specified yet,0.0
600,36308,university__Tipo_di_intervento,Scavo programmato,Assistenza,not specified yet,0.0
601,36308,university__Durata,,105,not specified yet,0.0
602,36308,university__Eseguito_da,Archeorete s.r.l.s.,Archeorete s.r.l.s.,not specified yet,1.0
603,36308,university__Direzione_scientifica,Dott.ssa Anna Giulia De Marco,,not specified yet,0.0
604,36308,university__Estensione,,,not specified yet,1.0
605,36308,university__Numero_di_saggi,1,19,not specified yet,0.0
606,36308,university__Profondità_massima,-1.8,-0.8,not specified yet,0.0
607,36308,university__Geologico,True,True,not specified yet,1.0
608,36308,university__OGD,insediamento,area priva di tracce archeologiche,not specified yet,0.0
609,36308,university__OGM,documentazione di indagini archeologiche pregresse,dati di archivio,not specified yet,0.0
610,36308,university__Profondità_falda,,,not specified yet,0.0
611,36308,building__Istituzione,Archeorete s.r.l.s.,SABAP - PILI,not specified yet,0.0
612,36308,building__Funzionario_competente,Dott. Guido Agresti,I. Benetti,not specified yet,0.0
613,36308,building__Tipo_di_documento,Relazione indagine,Relazione di missione,not specified yet,0.0
614,36308,building__Protocollo,N/A,n.13715,not specified yet,0.0
615,36308,building__Data_Protocollo,N/A,17-09-2021,not specified yet,0.0
616,36351,university__Sigla,,,not specified yet,1.0
617,36351,university__Comune,Castelfranco di Sotto,Castelfranco di Sotto (Pisa),not specified yet,1.0
618,36351,university__Ubicazione,Castelfranco di Sotto,"Trincea 4. In via Solferino, all’altezza del civico n. 34.",not specified yet,0.0
619,36351,university__Indirizzo,,VIA SOLFERINO N. 34,not specified yet,0.0
620,36351,university__Località,Roadside area where excavation works for electrical cables were performed.,,not specified yet,0.0
621,36351,university__Data_intervento,2021-12-01,"22 - 26 ottobre, 2021",not specified yet,0.0
622,36351,university__Tipo_di_intervento,Assistenza,Assistenza,not specified yet,1.0
623,36351,university__Durata,,5,not specified yet,0.0
624,36351,university__Eseguito_da,CEMES Spa,"Past in Progress srl., New Eurodrilling srl",not specified yet,0.0
625,36351,university__Direzione_scientifica,M. Fusi,I. Benetti,not specified yet,0.0
626,36351,university__Estensione,,0.8,not specified yet,0.0
627,36351,university__Numero_di_saggi,1,4,not specified yet,0.0
628,36351,university__Profondità_massima,-2.0,-1.7,not specified yet,0.0
629,36351,university__Geologico,False,True,not specified yet,0.0
630,36351,university__OGD,infrastruttura viaria,luogo con ritrovamento sporadico,not specified yet,0.0
631,36351,university__OGM,documentazione di indagini archeologiche pregresse,dati di archivio,not specified yet,0.0
632,36351,university__Profondità_falda,,,not specified yet,0.0
633,36351,building__Istituzione,,SABAP - PILI,not specified yet,0.0
634,36351,building__Funzionario_competente,M. Fusi,I. Benetti,not specified yet,0.0
635,36351,building__Tipo_di_documento,Relazione di missione,Relazione di missione,not specified yet,1.0
636,36351,building__Protocollo,,n.17784,not specified yet,0.0
637,36351,building__Data_Protocollo,,01-12-2021,not specified yet,0.0
638,36359,university__Sigla,,,not specified yet,1.0
639,36359,university__Comune,Volterra,Pisa (Pisa),not specified yet,0.0
640,36359,university__Ubicazione,Ex Università di Chimica,"Ex Università di Chimica, Via Risorgimento, n.35, Saggio 6",not specified yet,0.0
641,36359,university__Indirizzo,,VIA RISORGIMENTO N. 35,not specified yet,0.0
642,36359,university__Località,"Area of archaeological investigation near the former University of Chemistry in Volterra, characterized by alluvial deposits and evidence of past human activity, including a furnace for glassmaking and traces of activity dating back to the 7th-6th century BC.",,not specified yet,0.0
643,36359,university__Data_intervento,2020,"4 novembre, 2019",not specified yet,0.0
644,36359,university__Tipo_di_intervento,Scavo preventivo,Assistenza,not specified yet,0.0
645,36359,university__Durata,,4,not specified yet,0.0
646,36359,university__Eseguito_da,Cooperativa Archeologia,Cooperativa Archeologia,not specified yet,1.0
647,36359,university__Direzione_scientifica,D. Barreca,C. Rizzitelli,not specified yet,0.0
648,36359,university__Estensione,,2,not specified yet,0.0
649,36359,university__Numero_di_saggi,6,6,not specified yet,1.0
650,36359,university__Profondità_massima,-1.1,-1.02,not specified yet,0.0
651,36359,university__Geologico,True,True,not specified yet,1.0
652,36359,university__OGD,luogo con tracce di frequentazione,area priva di tracce archeologiche,not specified yet,0.0
653,36359,university__OGM,documentazione di indagini archeologiche pregresse,dati di archivio,not specified yet,0.0
654,36359,university__Profondità_falda,-0.9,-0.9,not specified yet,1.0
655,36359,building__Istituzione,Cooperativa Archeologia,SABAP - PILI,not specified yet,0.0
656,36359,building__Funzionario_competente,D. BarrecaN. Cinelli,C. Rizzitelli,not specified yet,0.0
657,36359,building__Tipo_di_documento,Relazione di scavo,Relazione di scavo,not specified yet,1.0
658,36359,building__Protocollo,A,n. 2605,not specified yet,0.0
659,36359,building__Data_Protocollo,15/01/2020,03-03-2020,not specified yet,0.0
660,36554,university__Sigla,,,not specified yet,1.0
661,36554,university__Comune,"Vecchiano, San Giuliano Terme",Vecchiano (Pisa),not specified yet,0.0
662,36554,university__Ubicazione,Area 200,"Area 200, trincea metanodotto",not specified yet,0.0
663,36554,university__Indirizzo,,,not specified yet,1.0
664,36554,university__Località,"Area near the Serchio river, where an existing aqueduct line was located during gas pipeline construction. The area included gardens and layers of alluvial and clay deposits.",,not specified yet,0.0
665,36554,university__Data_intervento,2020,"5 marzo, maggio - agosto, 2020",not specified yet,1.0
666,36554,university__Tipo_di_intervento,Assistenza,Assistenza,not specified yet,1.0
667,36554,university__Durata,,,not specified yet,1.0
668,36554,university__Eseguito_da,T. spa,A. Alberti,not specified yet,0.0
669,36554,university__Direzione_scientifica,A. Alberti,C. Rizzitelli,not specified yet,0.0
670,36554,university__Estensione,,,not specified yet,1.0
671,36554,university__Numero_di_saggi,1,5,not specified yet,0.0
672,36554,university__Profondità_massima,-3.0,,not specified yet,0.0
673,36554,university__Geologico,True,True,not specified yet,1.0
674,36554,university__OGD,infrastruttura idrica,sito pluristratificato,not specified yet,0.0
675,36554,university__OGM,documentazione di indagini archeologiche pregresse,dati di archivio,not specified yet,0.0
676,36554,university__Profondità_falda,,,not specified yet,0.0
677,36554,building__Istituzione,"Soprintendenza Archeologia, Belle Arti e Paesaggio per le province di Pisa e Livorno",SABAP - PILI,not specified yet,0.0
678,36554,building__Funzionario_competente,A. Alberti,C. Rizzitelli,not specified yet,0.0
679,36554,building__Tipo_di_documento,Relazione di scavo,Relazione di scavo,not specified yet,1.0
680,36554,building__Protocollo,45860/AT27.1,n. 12553,not specified yet,0.0
681,36554,building__Data_Protocollo,2020,12-11-2020,not specified yet,1.0
682,36837,university__Sigla,,,not specified yet,1.0
683,36837,university__Comune,Pisa,Pisa (Pisa),not specified yet,1.0
684,36837,university__Ubicazione,Via Tommaso Rook / Largo Fra Bartolomeo da S. Concordio,"Via Rook, Buca 2",not specified yet,0.0
685,36837,university__Indirizzo,Via Tommaso Rook,VIA TOMMASO ROOK N.,not specified yet,1.0
686,36837,university__Località,"Area along Via Tommaso Rook and Largo Fra Bartolomeo da S. Concordio, where excavation work was carried out for the laying of an underground cable.",,not specified yet,0.0
687,36837,university__Data_intervento,2020-07-03,"1 luglio, 2020",not specified yet,1.0
688,36837,university__Tipo_di_intervento,Assistenza,Assistenza,not specified yet,1.0
689,36837,university__Durata,,3,not specified yet,0.0
690,36837,university__Eseguito_da,Giuditta Grandinetti,G. Grandinetti,not specified yet,0.0
691,36837,university__Direzione_scientifica,G. Grandinetti,C. Rizzitelli,not specified yet,0.0
692,36837,university__Estensione,,2.85,not specified yet,0.0
693,36837,university__Numero_di_saggi,4,2,not specified yet,0.0
694,36837,university__Profondità_massima,-1.6,-1.5,not specified yet,0.0
695,36837,university__Geologico,False,False,not specified yet,1.0
696,36837,university__OGD,area priva di tracce archeologiche,infrastruttura di servizio,not specified yet,0.0
697,36837,university__OGM,documentazione di indagini archeologiche pregresse,dati di archivio,not specified yet,0.0
698,36837,university__Profondità_falda,,,not specified yet,0.0
699,36837,building__Istituzione,,SABAP - PILI,not specified yet,0.0
700,36837,building__Funzionario_competente,G. Grandinetti,C. Rizzitelli,not specified yet,0.0
701,36837,building__Tipo_di_documento,Relazione di scavo,Relazione di scavo,not specified yet,1.0
702,36837,building__Protocollo,3 luglio 2020,n. 3480,not specified yet,0.0
703,36837,building__Data_Protocollo,3 luglio 2020,16-03-2020,not specified yet,0.0
704,36846,university__Sigla,,,not specified yet,1.0
705,36846,university__Comune,Pisa,Pisa (Pisa),not specified yet,1.0
706,36846,university__Ubicazione,Porta a Mare and Via Quarantola,"Via Aldo Moro n.7, buca 1",not specified yet,0.0
707,36846,university__Indirizzo,,VIA ALDO MORO N. 7,not specified yet,0.0
708,36846,university__Località,"Areas along Via Aldo Moro, Via Giovanni di Balduccio, Via Conte Fazio, Largo Marinai d’Italia, Via Quarantola, and near the railway in Via Quarantola. The intervention concerned excavations for a new underground cable line.",,not specified yet,0.0
709,36846,university__Data_intervento,2020,"21 luglio, 2020",not specified yet,1.0
710,36846,university__Tipo_di_intervento,Assistenza,Assistenza,not specified yet,1.0
711,36846,university__Durata,,52,not specified yet,0.0
712,36846,university__Eseguito_da,G. Grandinetti,G. Grandinetti,not specified yet,1.0
713,36846,university__Direzione_scientifica,G. Grandinetti,C. Rizzitelli,not specified yet,0.0
714,36846,university__Estensione,"Buca 7A, Buca 7B, Buca 8",4.35,not specified yet,0.0
715,36846,university__Numero_di_saggi,1,1,not specified yet,1.0
716,36846,university__Profondità_massima,-1.95,-1.9,not specified yet,0.0
717,36846,university__Geologico,True,True,not specified yet,1.0
718,36846,university__OGD,insediamento,infrastruttura di servizio,not specified yet,0.0
719,36846,university__OGM,documentazione di indagini archeologiche pregresse,dati di archivio,not specified yet,0.0
720,36846,university__Profondità_falda,,,not specified yet,0.0
721,36846,building__Istituzione,,SABAP - PILI,not specified yet,0.0
722,36846,building__Funzionario_competente,G. Grandinetti,C. Rizzitelli,not specified yet,0.0
723,36846,building__Tipo_di_documento,Relazione di scavo,Relazione di scavo,not specified yet,1.0
724,36846,building__Protocollo,N/A,n. 3568,not specified yet,0.0
725,36846,building__Data_Protocollo,21 luglio – 11 settembre 2020,18-03-2020,not specified yet,0.0
726,36854,university__Sigla,,,not specified yet,1.0
727,36854,university__Comune,Pisa,Pisa (Pisa),not specified yet,1.0
728,36854,university__Ubicazione,Porta a Mare and Via Quarantola,"Via Giovanni di Balduccio, buca 4",not specified yet,0.0
729,36854,university__Indirizzo,,VIA GIOVANNI DI BALDUCCIO N. 27,not specified yet,0.0
730,36854,university__Località,"Areas along Via Aldo Moro, Via Giovanni di Balduccio, Via Conte Fazio, Largo Marinai d’Italia, Via Quarantola, and near the railway in Via Quarantola. The intervention concerned excavations for a new underground cable line.",,not specified yet,0.0
731,36854,university__Data_intervento,2020,"21 luglio, 2020",not specified yet,1.0
732,36854,university__Tipo_di_intervento,Assistenza,Assistenza,not specified yet,1.0
733,36854,university__Durata,,52,not specified yet,0.0
734,36854,university__Eseguito_da,G. Grandinetti,G. Grandinetti,not specified yet,1.0
735,36854,university__Direzione_scientifica,G. Grandinetti,C. Rizzitelli,not specified yet,0.0
736,36854,university__Estensione,"Buca 7A, Buca 7B, Buca 8",3.3,not specified yet,0.0
737,36854,university__Numero_di_saggi,1,4,not specified yet,0.0
738,36854,university__Profondità_massima,-1.95,-1.75,not specified yet,0.0
739,36854,university__Geologico,True,True,not specified yet,1.0
740,36854,university__OGD,insediamento,infrastruttura di servizio,not specified yet,0.0
741,36854,university__OGM,documentazione di indagini archeologiche pregresse,dati di archivio,not specified yet,0.0
742,36854,university__Profondità_falda,,,not specified yet,0.0
743,36854,building__Istituzione,,SABAP - PILI,not specified yet,0.0
744,36854,building__Funzionario_competente,G. Grandinetti,C. Rizzitelli,not specified yet,0.0
745,36854,building__Tipo_di_documento,Relazione di scavo,Relazione di scavo,not specified yet,1.0
746,36854,building__Protocollo,N/A,n. 3568,not specified yet,0.0
747,36854,building__Data_Protocollo,21 luglio – 11 settembre 2020,18-03-2020,not specified yet,0.0
748,36937,university__Sigla,,,not specified yet,1.0
749,36937,university__Comune,Pisa,Pisa (Pisa),not specified yet,1.0
750,36937,university__Ubicazione,Via Ugone Visconti,"Via Caduti del Lavoro n. 11, buca 4",not specified yet,0.0
751,36937,university__Indirizzo,Via Ugone Visconti,VIA CADUTI DEL LAVORO N. 11,not specified yet,0.0
752,36937,university__Località,"Area along Via Ugone Visconti, where archaeological assistance was provided during excavation work for the replacement of an MT power line using no-dig technology.",,not specified yet,0.0
753,36937,university__Data_intervento,2021-03-30,"30 marzo, 2021",not specified yet,1.0
754,36937,university__Tipo_di_intervento,Assistenza,Assistenza,not specified yet,1.0
755,36937,university__Durata,15,14,not specified yet,0.0
756,36937,university__Eseguito_da,CEMES (S.p.a.) - ENEL PISA,G. Grandinetti,not specified yet,0.0
757,36937,university__Direzione_scientifica,G. Grandinetti,C. Rizzitelli,not specified yet,0.0
758,36937,university__Estensione,,3,not specified yet,0.0
759,36937,university__Numero_di_saggi,9,4,not specified yet,0.0
760,36937,university__Profondità_massima,-1.4,-1.65,not specified yet,0.0
761,36937,university__Geologico,True,True,not specified yet,1.0
762,36937,university__OGD,infrastruttura viaria,infrastruttura di consolidamento,not specified yet,0.0
763,36937,university__OGM,dati di archivio,dati di archivio,not specified yet,1.0
764,36937,university__Profondità_falda,,,not specified yet,0.0
765,36937,building__Istituzione,CEMES (S.p.a.) - ENEL PISA,SABAP - PILI,not specified yet,0.0
766,36937,building__Funzionario_competente,G. Grandinetti,C. Rizzitelli,not specified yet,0.0
767,36937,building__Tipo_di_documento,Relazione di scavo,Relazione di scavo,not specified yet,1.0
768,36937,building__Protocollo,N/A,n. 5377/2021,not specified yet,0.0
769,36937,building__Data_Protocollo,30 marzo - 14 aprile 2021,16-04-2021,not specified yet,0.0
770,36979,university__Sigla,,,not specified yet,1.0
771,36979,university__Comune,Pisa,Pisa (Pisa),not specified yet,1.0
772,36979,university__Ubicazione,Via Giunta Pisano,"Biennio ingegneria, Via Giunta Piasano, carotaggio 4",not specified yet,0.0
773,36979,university__Indirizzo,Via Giunta Pisano,VIA GIUNTA PISANO N.,not specified yet,1.0
774,36979,university__Località,Pisa,,not specified yet,0.0
775,36979,university__Data_intervento,2021,"22 marzo, 2021",not specified yet,1.0
776,36979,university__Tipo_di_intervento,Carotaggio,Carotaggio,not specified yet,1.0
777,36979,university__Durata,,2,not specified yet,0.0
778,36979,university__Eseguito_da,Università di Pisa,G. Clemente,not specified yet,0.0
779,36979,university__Direzione_scientifica,Giuseppe Clemente,C. Rizzitelli,not specified yet,0.0
780,36979,university__Estensione,,,not specified yet,1.0
781,36979,university__Numero_di_saggi,4,4,not specified yet,1.0
782,36979,university__Profondità_massima,,-6.0,not specified yet,0.0
783,36979,university__Geologico,,True,not specified yet,0.0
784,36979,university__OGD,insediamento,sito pluristratificato,not specified yet,0.0
785,36979,university__OGM,documentazione di indagini archeologiche pregresse,dati di archivio,not specified yet,0.0
786,36979,university__Profondità_falda,,,not specified yet,0.0
787,36979,building__Istituzione,"Soprintendenza Archeologia, Belle Arti e Paesaggio per le province di Pisa e Livorno",SABAP - PILI,not specified yet,0.0
788,36979,building__Funzionario_competente,Claudia Rizzitelli,C. Rizzitelli,not specified yet,0.0
789,36979,building__Tipo_di_documento,Relazione indagine,Relazione di scavo,not specified yet,0.0
790,36979,building__Protocollo,0006277-A,n. 6277,not specified yet,0.0
791,36979,building__Data_Protocollo,29/04/2021,29-04-2021,not specified yet,1.0
792,37007,university__Sigla,,,not specified yet,1.0
793,37007,university__Comune,Pisa,Pisa (Pisa),not specified yet,1.0
794,37007,university__Ubicazione,Area Scheibler,"Area Scheibler, trincea 5",not specified yet,0.0
795,37007,university__Indirizzo,Via Caruso 16,VIA GIROLAMO CARUSO N. 16,not specified yet,1.0
796,37007,university__Località,Pisa,,not specified yet,0.0
797,37007,university__Data_intervento,Aprile-Maggio 2021,"18 maggio, 2021",not specified yet,0.0
798,37007,university__Tipo_di_intervento,Scavo preventivo,Assistenza,not specified yet,0.0
799,37007,university__Durata,,1,not specified yet,0.0
800,37007,university__Eseguito_da,ArcheoData - Società cooperativa,ArcheoData,not specified yet,0.0
801,37007,university__Direzione_scientifica,F. Fabiani,C. Rizzitelli,not specified yet,0.0
802,37007,university__Estensione,,,not specified yet,1.0
803,37007,university__Numero_di_saggi,1,4,not specified yet,0.0
804,37007,university__Profondità_massima,-1.3,,not specified yet,0.0
805,37007,university__Geologico,True,True,not specified yet,1.0
806,37007,university__OGD,luogo con deposizione di materiale,infrastruttura di consolidamento,not specified yet,0.0
807,37007,university__OGM,documentazione di indagini archeologiche pregresse,dati di archivio,not specified yet,0.0
808,37007,university__Profondità_falda,-0.0,,not specified yet,0.0
809,37007,building__Istituzione,Università di Pisa,SABAP - PILI,not specified yet,0.0
810,37007,building__Funzionario_competente,,C. Rizzitelli,not specified yet,0.0
811,37007,building__Tipo_di_documento,Relazione di scavo,Relazione di scavo,not specified yet,1.0
812,37007,building__Protocollo,0009972-A,n. 9972,not specified yet,0.0
813,37007,building__Data_Protocollo,02/07/2021,02-07-2021,not specified yet,1.0
814,37026,university__Sigla,,,not specified yet,1.0
815,37026,university__Comune,Pisa,Pisa (Pisa),not specified yet,1.0
816,37026,university__Ubicazione,Area Scheibler,"Area Scheibler, trincea 11",not specified yet,0.0
817,37026,university__Indirizzo,Via Caruso 16,VIA GIROLAMO CARUSO N. 16,not specified yet,1.0
818,37026,university__Località,Pisa,,not specified yet,0.0
819,37026,university__Data_intervento,Aprile-Maggio 2021,"8 aprile, 2021",not specified yet,0.0
820,37026,university__Tipo_di_intervento,Scavo preventivo,Assistenza,not specified yet,0.0
821,37026,university__Durata,,1,not specified yet,0.0
822,37026,university__Eseguito_da,ArcheoData - Società cooperativa,ArcheoData,not specified yet,0.0
823,37026,university__Direzione_scientifica,F. Fabiani,C. Rizzitelli,not specified yet,0.0
824,37026,university__Estensione,,,not specified yet,1.0
825,37026,university__Numero_di_saggi,1,10,not specified yet,0.0
826,37026,university__Profondità_massima,-1.3,,not specified yet,0.0
827,37026,university__Geologico,True,True,not specified yet,1.0
828,37026,university__OGD,luogo con deposizione di materiale,infrastruttura di consolidamento,not specified yet,0.0
829,37026,university__OGM,documentazione di indagini archeologiche pregresse,dati di archivio,not specified yet,0.0
830,37026,university__Profondità_falda,-0.0,,not specified yet,0.0
831,37026,building__Istituzione,Università di Pisa,SABAP - PILI,not specified yet,0.0
832,37026,building__Funzionario_competente,,C. Rizzitelli,not specified yet,0.0
833,37026,building__Tipo_di_documento,Relazione di scavo,Relazione di scavo,not specified yet,1.0
834,37026,building__Protocollo,0009972-A,n. 9972,not specified yet,0.0
835,37026,building__Data_Protocollo,02/07/2021,02-07-2021,not specified yet,1.0
836,37043,university__Sigla,,,not specified yet,1.0
837,37043,university__Comune,Pisa,Pisa (Pisa),not specified yet,1.0
838,37043,university__Ubicazione,Via Gabba,Via Bianchi Bandinelli e Andrea Pisano,not specified yet,0.0
839,37043,university__Indirizzo,Via Gabba,VIA ANDREA PISANO N.,not specified yet,0.0
840,37043,university__Località,Pisa,,not specified yet,0.0
841,37043,university__Data_intervento,2023,"25 settembre 2019 - 09 ottobre, 2020",not specified yet,0.0
842,37043,university__Tipo_di_intervento,Scavo preventivo,Assistenza,not specified yet,0.0
843,37043,university__Durata,2023,,not specified yet,0.0
844,37043,university__Eseguito_da,Edipiemme S.r.l.,A. Faggi,not specified yet,0.0
845,37043,university__Direzione_scientifica,Dott.ssa Laura Pagliantini,C. Rizzitelli,not specified yet,0.0
846,37043,university__Estensione,"Via Gabba, Via Pisano",,not specified yet,0.0
847,37043,university__Numero_di_saggi,1,1,not specified yet,1.0
848,37043,university__Profondità_massima,-0.5,-1.3,not specified yet,0.0
849,37043,university__Geologico,True,True,not specified yet,1.0
850,37043,university__OGD,infrastruttura viaria,infrastruttura di servizio,not specified yet,0.0
851,37043,university__OGM,documentazione di indagini archeologiche pregresse,dati di archivio,not specified yet,0.0
852,37043,university__Profondità_falda,,,not specified yet,0.0
853,37043,building__Istituzione,,SABAP - PILI,not specified yet,0.0
854,37043,building__Funzionario_competente,Dott.ssa Laura Pagliantini,C. Rizzitelli,not specified yet,0.0
855,37043,building__Tipo_di_documento,Relazione di scavo,Relazione di scavo,not specified yet,1.0
856,37043,building__Protocollo,N/A,n. 12666,not specified yet,0.0
857,37043,building__Data_Protocollo,25/09/2019-09/10/2020,27-08-2021,not specified yet,0.0
858,37065,university__Sigla,,,not specified yet,1.0
859,37065,university__Comune,Pisa,Pisa (Pisa),not specified yet,1.0
860,37065,university__Ubicazione,Via Gabba,"Via Atleti Azzurri Pisani, tratto 1",not specified yet,0.0
861,37065,university__Indirizzo,Via Gabba,VIA ATLETI AZZURRI PISANI N.,not specified yet,0.0
862,37065,university__Località,Pisa,,not specified yet,0.0
863,37065,university__Data_intervento,2023,"25 settembre 2019 - 09 ottobre, 2020",not specified yet,0.0
864,37065,university__Tipo_di_intervento,Scavo preventivo,Assistenza,not specified yet,0.0
865,37065,university__Durata,2023,,not specified yet,0.0
866,37065,university__Eseguito_da,Edipiemme S.r.l.,A. Faggi,not specified yet,0.0
867,37065,university__Direzione_scientifica,Dott.ssa Laura Pagliantini,C. Rizzitelli,not specified yet,0.0
868,37065,university__Estensione,"Via Gabba, Via Pisano",,not specified yet,0.0
869,37065,university__Numero_di_saggi,1,9,not specified yet,0.0
870,37065,university__Profondità_massima,-0.5,-1.3,not specified yet,0.0
871,37065,university__Geologico,True,True,not specified yet,1.0
872,37065,university__OGD,infrastruttura viaria,infrastruttura di servizio,not specified yet,0.0
873,37065,university__OGM,documentazione di indagini archeologiche pregresse,dati di archivio,not specified yet,0.0
874,37065,university__Profondità_falda,,,not specified yet,0.0
875,37065,building__Istituzione,,SABAP - PILI,not specified yet,0.0
876,37065,building__Funzionario_competente,Dott.ssa Laura Pagliantini,C. Rizzitelli,not specified yet,0.0
877,37065,building__Tipo_di_documento,Relazione di scavo,Relazione di scavo,not specified yet,1.0
878,37065,building__Protocollo,N/A,n. 12666,not specified yet,0.0
879,37065,building__Data_Protocollo,25/09/2019-09/10/2020,27-08-2021,not specified yet,0.0
880,37116,university__Sigla,,,not specified yet,1.0
881,37116,university__Comune,Pisa,Pisa (Pisa),not specified yet,1.0
882,37116,university__Ubicazione,Piazza dell'Arcivescovado,Via Martiri 16,not specified yet,0.0
883,37116,university__Indirizzo,,VIA MARTIRI N. 16,not specified yet,0.0
884,37116,university__Località,"Urban area of Pisa, specifically Piazza dell'Arcivescovado, with the discovery of a late 18th/19th-century sewer.",,not specified yet,0.0
885,37116,university__Data_intervento,2018-02-01,"settembre, 2021",not specified yet,0.0
886,37116,university__Tipo_di_intervento,Sopralluogo,Assistenza,not specified yet,0.0
887,37116,university__Durata,,,not specified yet,1.0
888,37116,university__Eseguito_da,Open Fiber spa,F. Burchianti,not specified yet,0.0
889,37116,university__Direzione_scientifica,F. Burchianti,C. Rizzitelli,not specified yet,0.0
890,37116,university__Estensione,,,not specified yet,1.0
891,37116,university__Numero_di_saggi,1,3,not specified yet,0.0
892,37116,university__Profondità_massima,,,not specified yet,0.0
893,37116,university__Geologico,,True,not specified yet,0.0
894,37116,university__OGD,infrastruttura viaria,sito pluristratificato,not specified yet,0.0
895,37116,university__OGM,documentazione di indagini archeologiche pregresse,dati di archivio,not specified yet,0.0
896,37116,university__Profondità_falda,,,not specified yet,0.0
897,37116,building__Istituzione,,SABAP - PILI,not specified yet,0.0
898,37116,building__Funzionario_competente,F. Burchianti,C. Rizzitelli,not specified yet,0.0
899,37116,building__Tipo_di_documento,Relazione di scavo,Relazione di scavo,not specified yet,1.0
900,37116,building__Protocollo,,n. 13404,not specified yet,0.0
901,37116,building__Data_Protocollo,,14-09-2021,not specified yet,0.0
902,37614,university__Sigla,,,not specified yet,1.0
903,37614,university__Comune,Lucca,Lucca (Lucca),not specified yet,1.0
904,37614,university__Ubicazione,"Lucca, Via Burlamacchi, Via dell'Olivo, Via Cenami, Via Guinigi, Via S.Croce, Piazza Scalpellini, Via Vallisneri, Via Roma, Piazzale Verdi",trincea piazza degli Scalpellini 4,not specified yet,0.0
905,37614,university__Indirizzo,,PIAZZA DEGLI SCALPELLINI N. 4,not specified yet,0.0
906,37614,university__Località,"The interventions took place within the historic center of Lucca, involving streets and squares. The areas were primarily urban, with existing infrastructure and paved surfaces.",LUCCA,not specified yet,0.0
907,37614,university__Data_intervento,2018,"15 ottobre, 2018",not specified yet,1.0
908,37614,university__Tipo_di_intervento,Scavo preventivo,Assistenza,not specified yet,0.0
909,37614,university__Durata,,1,not specified yet,0.0
910,37614,university__Eseguito_da,Site SpA,A. Giannoni,not specified yet,0.0
911,37614,university__Direzione_scientifica,,,not specified yet,1.0
912,37614,university__Estensione,"Via Burlamacchi, Piazza Scalpellini, Via Roma, Piazzale Verdi",,not specified yet,0.0
913,37614,university__Numero_di_saggi,1,,not specified yet,0.0
914,37614,university__Profondità_massima,-0.0,,not specified yet,0.0
915,37614,university__Geologico,False,False,not specified yet,1.0
916,37614,university__OGD,sito pluristratificato,area priva di tracce archeologiche,not specified yet,0.0
917,37614,university__OGM,documentazione di indagini archeologiche pregresse,dati di archivio,not specified yet,0.0
918,37614,university__Profondità_falda,-0.0,,not specified yet,0.0
919,37614,building__Istituzione,,SABAP - LU,not specified yet,0.0
920,37614,building__Funzionario_competente,,N. Chiarenza,not specified yet,0.0
921,37614,building__Tipo_di_documento,Relazione di missione,Relazione di scavo,not specified yet,0.0
922,37614,building__Protocollo,,n.5548,not specified yet,0.0
923,37614,building__Data_Protocollo,,27-05-2019,not specified yet,0.0
924,37971,university__Sigla,,STA 2020,not specified yet,0.0
925,37971,university__Comune,"Not explicitly stated, but the context suggests it's within the area of the archaeological project.",Stazzema (Lucca),not specified yet,0.0
926,37971,university__Ubicazione,"Various locations within the surveyed area, as the document describes a methodology for recording multiple topographic units.","Stazzema, località Passo di Croce",not specified yet,0.0
927,37971,university__Indirizzo,,,not specified yet,1.0
928,37971,university__Località,Archaeological sites within the surveyed area.,Passo di Croce,not specified yet,0.0
929,37971,university__Data_intervento,2025-06-30,"22 ottobre, 2020",not specified yet,0.0
930,37971,university__Tipo_di_intervento,Ricognizione,Ricognizione,not specified yet,1.0
931,37971,university__Durata,,1,not specified yet,0.0
932,37971,university__Eseguito_da,,Laboratorio Mappa,not specified yet,0.0
933,37971,university__Direzione_scientifica,,G. Gattiglia,not specified yet,0.0
934,37971,university__Estensione,,,not specified yet,1.0
935,37971,university__Numero_di_saggi,1,58,not specified yet,0.0
936,37971,university__Profondità_massima,,,not specified yet,0.0
937,37971,university__Geologico,True,False,not specified yet,0.0
938,37971,university__OGD,sito pluristratificato,luogo con tracce di frequentazione,not specified yet,0.0
939,37971,university__OGM,ricognizione archeologica-survey,ricognizione archeologica-survey,not specified yet,1.0
940,37971,university__Profondità_falda,,,not specified yet,0.0
941,37971,building__Istituzione,,Pisa - Università,not specified yet,0.0
942,37971,building__Funzionario_competente,,G. Picchi,not specified yet,0.0
943,37971,building__Tipo_di_documento,Relazione indagine,,not specified yet,0.0
944,37971,building__Protocollo,N/A,,not specified yet,0.0
945,37971,building__Data_Protocollo,N/A,,not specified yet,0.0
946,38005,university__Sigla,,STA 2020,not specified yet,0.0
947,38005,university__Comune,"Not explicitly stated, but the context suggests it's within the area of the archaeological project.",Stazzema (Lucca),not specified yet,0.0
948,38005,university__Ubicazione,"Various locations within the surveyed area, as the document describes a methodology for recording multiple topographic units.","Stazzema, località Monte Arsiccio",not specified yet,0.0
949,38005,university__Indirizzo,,,not specified yet,1.0
950,38005,university__Località,Archaeological sites within the surveyed area.,M. ARSICCIO,not specified yet,0.0
951,38005,university__Data_intervento,2025-06-30,"23 ottobre, 2020",not specified yet,0.0
952,38005,university__Tipo_di_intervento,Ricognizione,Ricognizione,not specified yet,1.0
953,38005,university__Durata,,1,not specified yet,0.0
954,38005,university__Eseguito_da,,Laboratorio Mappa,not specified yet,0.0
955,38005,university__Direzione_scientifica,,G. Gattiglia,not specified yet,0.0
956,38005,university__Estensione,,,not specified yet,1.0
957,38005,university__Numero_di_saggi,1,92,not specified yet,0.0
958,38005,university__Profondità_massima,,,not specified yet,0.0
959,38005,university__Geologico,True,False,not specified yet,0.0
960,38005,university__OGD,sito pluristratificato,struttura abitativa,not specified yet,0.0
961,38005,university__OGM,ricognizione archeologica-survey,ricognizione archeologica-survey,not specified yet,1.0
962,38005,university__Profondità_falda,,,not specified yet,0.0
963,38005,building__Istituzione,,Pisa - Università,not specified yet,0.0
964,38005,building__Funzionario_competente,,G. Picchi,not specified yet,0.0
965,38005,building__Tipo_di_documento,Relazione indagine,,not specified yet,0.0
966,38005,building__Protocollo,N/A,,not specified yet,0.0
967,38005,building__Data_Protocollo,N/A,,not specified yet,0.0
968,38013,university__Sigla,,STA 21,not specified yet,0.0
969,38013,university__Comune,Not specified,Stazzema (Lucca),not specified yet,0.0
970,38013,university__Ubicazione,Not specified,"Stazzema, località Monte Ornato",not specified yet,0.0
971,38013,university__Indirizzo,,,not specified yet,1.0
972,38013,university__Località,Not specified,C. DI M. ORNATO,not specified yet,0.0
973,38013,university__Data_intervento,Not specified,"17 maggio, 2021",not specified yet,0.0
974,38013,university__Tipo_di_intervento,Ricognizione,Ricognizione,not specified yet,1.0
975,38013,university__Durata,,1,not specified yet,0.0
976,38013,university__Eseguito_da,Not specified,Laboratorio Mappa,not specified yet,0.0
977,38013,university__Direzione_scientifica,Not specified,G. Gattiglia,not specified yet,0.0
978,38013,university__Estensione,,,not specified yet,1.0
979,38013,university__Numero_di_saggi,1,3,not specified yet,0.0
980,38013,university__Profondità_massima,,,not specified yet,0.0
981,38013,university__Geologico,,False,not specified yet,0.0
982,38013,university__OGD,insediamento,infrastruttura idrica,not specified yet,0.0
983,38013,university__OGM,ricognizione archeologica-survey,ricognizione archeologica-survey,not specified yet,1.0
984,38013,university__Profondità_falda,,,not specified yet,0.0
985,38013,building__Istituzione,,Pisa - Università,not specified yet,0.0
986,38013,building__Funzionario_competente,,G. Picchi,not specified yet,0.0
987,38013,building__Tipo_di_documento,Relazione indagine,,not specified yet,0.0
988,38013,building__Protocollo,N/A,,not specified yet,0.0
989,38013,building__Data_Protocollo,N/A,,not specified yet,0.0
990,38039,university__Sigla,,STA 21,not specified yet,0.0
991,38039,university__Comune,Not specified,Stazzema (Lucca),not specified yet,0.0
992,38039,university__Ubicazione,Not specified,"Stazzema, località Bernabò",not specified yet,0.0
993,38039,university__Indirizzo,,,not specified yet,1.0
994,38039,university__Località,Not specified,BERNABO',not specified yet,0.0
995,38039,university__Data_intervento,Not specified,"19 maggio, 2021",not specified yet,0.0
996,38039,university__Tipo_di_intervento,Ricognizione,Ricognizione,not specified yet,1.0
997,38039,university__Durata,,1,not specified yet,0.0
998,38039,university__Eseguito_da,Not specified,Laboratorio Mappa,not specified yet,0.0
999,38039,university__Direzione_scientifica,Not specified,G. Gattiglia,not specified yet,0.0
1000,38039,university__Estensione,,,not specified yet,1.0
1001,38039,university__Numero_di_saggi,1,30,not specified yet,0.0
1002,38039,university__Profondità_massima,,,not specified yet,0.0
1003,38039,university__Geologico,,False,not specified yet,0.0
1004,38039,university__OGD,insediamento,struttura abitativa,not specified yet,0.0
1005,38039,university__OGM,ricognizione archeologica-survey,ricognizione archeologica-survey,not specified yet,1.0
1006,38039,university__Profondità_falda,,,not specified yet,0.0
1007,38039,building__Istituzione,,Pisa - Università,not specified yet,0.0
1008,38039,building__Funzionario_competente,,G. Picchi,not specified yet,0.0
1009,38039,building__Tipo_di_documento,Relazione indagine,,not specified yet,0.0
1010,38039,building__Protocollo,N/A,,not specified yet,0.0
1011,38039,building__Data_Protocollo,N/A,,not specified yet,0.0
1012,38092,university__Sigla,,STA 21,not specified yet,0.0
1013,38092,university__Comune,,Stazzema (Lucca),not specified yet,0.0
1014,38092,university__Ubicazione,,"Stazzema, località Alle Serre",not specified yet,0.0
1015,38092,university__Indirizzo,,,not specified yet,0.0
1016,38092,university__Località,,ALLE SERRE,not specified yet,0.0
1017,38092,university__Data_intervento,,"22 ottobre, 2021",not specified yet,0.0
1018,38092,university__Tipo_di_intervento,,Ricognizione,not specified yet,0.0
1019,38092,university__Durata,,1,not specified yet,0.0
1020,38092,university__Eseguito_da,,Laboratorio Mappa,not specified yet,0.0
1021,38092,university__Direzione_scientifica,,G. Gattiglia,not specified yet,0.0
1022,38092,university__Estensione,,,not specified yet,0.0
1023,38092,university__Numero_di_saggi,,1,not specified yet,0.0
1024,38092,university__Profondità_massima,,,not specified yet,0.0
1025,38092,university__Geologico,,False,not specified yet,0.0
1026,38092,university__OGD,,struttura di fortificazione,not specified yet,0.0
1027,38092,university__OGM,,ricognizione archeologica-survey,not specified yet,0.0
1028,38092,university__Profondità_falda,,,not specified yet,0.0
1029,38092,building__Istituzione,,Pisa - Università,not specified yet,0.0
1030,38092,building__Funzionario_competente,,G. Picchi,not specified yet,0.0
1031,38092,building__Tipo_di_documento,,,not specified yet,0.0
1032,38092,building__Protocollo,,,not specified yet,0.0
1033,38092,building__Data_Protocollo,,,not specified yet,0.0
1034,38220,university__Sigla,,LU. P.G.23,not specified yet,0.0
1035,38220,university__Comune,Lucca,Lucca (Lucca),not specified yet,1.0
1036,38220,university__Ubicazione,Piazza del Giglio,"lavori per la sostituzione della pavimentazione, piazza del Giglio, Lucca",not specified yet,0.0
1037,38220,university__Indirizzo,Piazza del Giglio,PIAZZA DEL GIGLIO,not specified yet,1.0
1038,38220,university__Località,Lucca,LUCCA,not specified yet,1.0
1039,38220,university__Data_intervento,December 2023 - April 2024,"dicembre-aprile, 2023",not specified yet,0.0
1040,38220,university__Tipo_di_intervento,Scavo preventivo,Assistenza,not specified yet,0.0
1041,38220,university__Durata,,,not specified yet,1.0
1042,38220,university__Eseguito_da,Panza Srl,"E. Abela, C. Condoluci, Impresa Panza Srl.",not specified yet,0.0
1043,38220,university__Direzione_scientifica,Elisabetta Abela,N. Chiarenza,not specified yet,0.0
1044,38220,university__Estensione,,,not specified yet,1.0
1045,38220,university__Numero_di_saggi,1,10,not specified yet,0.0
1046,38220,university__Profondità_massima,0.53,-0.2,not specified yet,0.0
1047,38220,university__Geologico,True,False,not specified yet,0.0
1048,38220,university__OGD,insediamento,area priva di tracce archeologiche,not specified yet,0.0
1049,38220,university__OGM,documentazione di indagini archeologiche pregresse,dati di archivio,not specified yet,0.0
1050,38220,university__Profondità_falda,,,not specified yet,0.0
1051,38220,building__Istituzione,"Soprintendenza Archeologia, Belle Arti, Paesaggio per le Province di Lucca e Massa Carrara",SABAP - LU,not specified yet,0.0
1052,38220,building__Funzionario_competente,Neva Chiarenza,N. Chiarenza,not specified yet,0.0
1053,38220,building__Tipo_di_documento,Relazione di scavo,Relazione di scavo,not specified yet,1.0
1054,38220,building__Protocollo,0007952-A,n.7952,not specified yet,0.0
1055,38220,building__Data_Protocollo,10/06/2024,10-06-2024,not specified yet,1.0
